idesco_level_1;esco_level_1;idesco_level_4;esco_level_4;2019;2023;tot
3;Technicians and associate professionals;3344;Medical secretaries;23;2351;2374
4;Clerical support workers;4224;Hotel receptionists;546;2803;3349
3;Technicians and associate professionals;3211;Medical imaging and therapeutic equipment technicians;246;1015;1261
2;Professionals;2635;Social work and counselling professionals;4494;16587;21081
3;Technicians and associate professionals;3352;Government tax and excise officials;452;1240;1692
4;Clerical support workers;4412;Mail carriers and sorting clerks;334;864;1198
3;Technicians and associate professionals;3434;Chefs;5244;12567;17811
2;Professionals;2265;Dieticians and nutritionists;447;1047;1494
1;Managers;1323;Construction managers;498;1160;1658
2;Professionals;2264;Physiotherapists ;1690;3916;5606
2;Professionals;2263;Environmental and occupational health and hygiene professionals;1277;2806;4083
3;Technicians and associate professionals;3332;Conference and event planners;2851;6078;8929
2;Professionals;2161;Building architects;1970;4107;6077
3;Technicians and associate professionals;3521;Broadcasting and audio-visual technicians;919;1904;2823
3;Technicians and associate professionals;3123;Construction supervisors;3666;7420;11086
3;Technicians and associate professionals;3251;Dental assistants and therapists;629;1226;1855
3;Technicians and associate professionals;3212;Medical and pathology laboratory technicians ;347;675;1022
4;Clerical support workers;4226;Receptionists (general);18600;35679;54279
3;Technicians and associate professionals;3411;Legal and related associate professionals;848;1615;2463
3;Technicians and associate professionals;3315;Valuers and loss assessors;5163;9732;14895
2;Professionals;2142;Civil engineers;3246;6067;9313
2;Professionals;2634;Psychologists;528;975;1503
4;Clerical support workers;4419;Clerical support workers not elsewhere classified;25708;47193;72901
3;Technicians and associate professionals;3259;Health associate professionals not elsewhere classified;875;1488;2363
4;Clerical support workers;4211;Bank tellers and related clerks;1032;1707;2739
2;Professionals;2212;Specialist medical practitioners ;4796;7861;12657
3;Technicians and associate professionals;3412;Social work associate professionals;1695;2770;4465
2;Professionals;2250;Veterinarians;418;674;1092
3;Technicians and associate professionals;3256;Medical assistants;404;637;1041
1;Managers;1412;Restaurant managers;1904;2988;4892
4;Clerical support workers;4312;Statistical, finance and insurance clerks;34186;52800;86986
4;Clerical support workers;4313;Payroll clerks;7871;12091;19962
3;Technicians and associate professionals;3221;Nursing associate professionals;5311;8003;13314
4;Clerical support workers;4321;Stock clerks;20222;29898;50120
4;Clerical support workers;4110;General office clerks;20852;30731;51583
1;Managers;1411;Hotel managers;3129;4597;7726
4;Clerical support workers;4132;Data entry clerks;3622;5307;8929
2;Professionals;2269;Health professionals not elsewhere classified;970;1390;2360
3;Technicians and associate professionals;3122;Manufacturing supervisors;8926;12631;21557
2;Professionals;2164;Town and traffic planners;1881;2654;4535
3;Technicians and associate professionals;3343;Administrative and executive secretaries;74362;101831;176193
4;Clerical support workers;4120;Secretaries (general);28078;38399;66477
4;Clerical support workers;4222;Contact centre information clerks;4430;6053;10483
3;Technicians and associate professionals;3255;Physiotherapy technicians and assistants;766;1045;1811
4;Clerical support workers;4225;Enquiry clerks;11135;14728;25863
2;Professionals;2143;Environmental engineers;1965;2591;4556
4;Clerical support workers;4311;Accounting and bookkeeping clerks;48524;63310;111834
2;Professionals;2659;Creative and performing artists not elsewhere classified;627;814;1441
3;Technicians and associate professionals;3112;Civil engineering technicians;2208;2852;5060
2;Professionals;2149;Engineering professionals not elsewhere classified;48691;62157;110848
3;Technicians and associate professionals;3313;Accounting associate professionals;15080;19180;34260
4;Clerical support workers;4416;Personnel clerks;8637;10878;19515
4;Clerical support workers;4227;Survey and market research interviewers;594;748;1342
2;Professionals;2422;Policy administration professionals;2271;2853;5124
2;Professionals;2529;Database and network professionals not elsewhere classified;4633;5813;10446
4;Clerical support workers;4323;Transport clerks;3987;4977;8964
3;Technicians and associate professionals;3323;Buyers;30934;38079;69013
2;Professionals;2165;Cartographers and surveyors;452;548;1000
2;Professionals;2153;Telecommunications engineers;1758;2119;3877
3;Technicians and associate professionals;3111;Chemical and physical science technicians;1405;1668;3073
2;Professionals;2151;Electrical engineers;2731;3235;5966
3;Technicians and associate professionals;3119;Physical and engineering science technicians not elsewhere classified;14496;17067;31563
3;Technicians and associate professionals;3141;Life science technicians (excluding medical);5935;6916;12851
4;Clerical support workers;4229;Client information workers not elsewhere classified;12324;14011;26335
2;Professionals;2261;Dentists;1102;1249;2351
2;Professionals;2642;Journalists;1923;2171;4094
1;Managers;1223;Research and development managers;32754;36964;69718
4;Clerical support workers;4214;Debt-collectors and related workers;3155;3523;6678
3;Technicians and associate professionals;3341;Office supervisors;8694;9695;18389
3;Technicians and associate professionals;3113;Electrical engineering technicians;5701;6271;11972
2;Professionals;2652;Musicians, singers and composers;975;1071;2046
3;Technicians and associate professionals;3118;Draughtspersons;57438;61948;119386
4;Clerical support workers;4221;Travel consultants and clerks;2292;2465;4757
4;Clerical support workers;4212;Bookmakers, croupiers and related gaming workers;508;545;1053
2;Professionals;2421;Management and organization analysts;25919;27741;53660
3;Technicians and associate professionals;3115;Mechanical engineering technicians;15266;16235;31501
2;Professionals;2641;Authors and related writers;1215;1290;2505
2;Professionals;2141;Industrial and production engineers;19609;20805;40414
2;Professionals;2433;Technical and medical sales professionals (excluding ICT);13147;13873;27020
2;Professionals;2411;Accountants;14305;15082;29387
3;Technicians and associate professionals;3432;Interior designers and decorators;3924;4117;8041
4;Clerical support workers;4322;Production clerks;13501;14064;27565
2;Professionals;2113;Chemists;2783;2788;5571
1;Managers;1211;Finance managers;3501;3505;7006
2;Professionals;2431;Advertising and marketing professionals;56041;55743;111784
2;Professionals;2619;Legal professionals not elsewhere classified;5111;5043;10154
3;Technicians and associate professionals;3314;Statistical, mathematical and related associate professionals;912;884;1796
2;Professionals;2424;Training and staff development professionals;1177;1137;2314
2;Professionals;2163;Product and garment designers;1156;1114;2270
2;Professionals;2412;Financial and investment advisers;4020;3870;7890
2;Professionals;2221;Nursing professionals;5712;5495;11207
3;Technicians and associate professionals;3214;Medical and dental prosthetic technicians;542;520;1062
3;Technicians and associate professionals;3423;Fitness and recreation instructors and program leaders;9467;9045;18512
2;Professionals;2523;Computer network professionals;4007;3820;7827
3;Technicians and associate professionals;3342;Legal secretaries;859;815;1674
2;Professionals;2631;Economists;3751;3551;7302
3;Technicians and associate professionals;3134;Petroleum and natural gas refining plant operators;963;898;1861
2;Professionals;2146;Mining engineers, metallurgists and related professionals;608;562;1170
2;Professionals;2423;Personnel and careers professionals;16303;15067;31370
2;Professionals;2511;Systems analysts;54592;50355;104947
3;Technicians and associate professionals;3257;Environmental and occupational health inspectors and associates;2100;1933;4033
3;Technicians and associate professionals;3422;Sports coaches, instructors and officials;919;843;1762
3;Technicians and associate professionals;3513;Computer network and systems technicians;2454;2200;4654
2;Professionals;2633;Philosophers, historians and political scientists;1256;1114;2370
2;Professionals;2166;Graphic and multimedia designers;11597;10258;21855
1;Managers;1212;Human resource managers;5688;4898;10586
3;Technicians and associate professionals;3512;Information and communications technology user support technicians;20712;17816;38528
4;Clerical support workers;4415;Filing and copying clerks;1242;1065;2307
2;Professionals;2514;Applications programmers;5738;4905;10643
1;Managers;1420;Retail and wholesale trade managers;37694;32086;69780
3;Technicians and associate professionals;3334;Real estate agents and property managers;4815;4080;8895
1;Managers;1120;Managing directors and chief executives;12674;10735;23409
1;Managers;1349;Professional services managers not elsewhere classified;3200;2697;5897
3;Technicians and associate professionals;3312;Credit and loans officers;3186;2671;5857
3;Technicians and associate professionals;3511;Information and communications technology operations technicians;7013;5800;12813
2;Professionals;2133;Environmental protection professionals;667;550;1217
2;Professionals;2434;Information and communications technology sales professionals;999;823;1822
3;Technicians and associate professionals;3431;Photographers;1539;1267;2806
1;Managers;1221;Sales and marketing managers;24383;19964;44347
1;Managers;1346;Financial and insurance services branch managers;666;543;1209
2;Professionals;2144;Mechanical engineers;20439;16663;37102
1;Managers;1439;Services managers not elsewhere classified;1461;1188;2649
2;Professionals;2611;Lawyers;3563;2892;6455
1;Managers;1222;Advertising and public relations managers;1830;1483;3313
2;Professionals;2632;Sociologists, anthropologists and related professionals;571;460;1031
2;Professionals;2262;Pharmacists;14152;11382;25534
1;Managers;1345;Education managers;1657;1309;2966
2;Professionals;2152;Electronics engineers;11051;8728;19779
3;Technicians and associate professionals;3339;Business services agents not elsewhere classified;30742;24164;54906
3;Technicians and associate professionals;3435;Other artistic and cultural associate professionals;4707;3685;8392
3;Technicians and associate professionals;3116;Chemical engineering technicians;3168;2443;5611
2;Professionals;2413;Financial analysts;3551;2707;6258
1;Managers;1219;Business services and administration managers not elsewhere classified;11409;8656;20065
2;Professionals;2522;Systems administrators;15627;11839;27466
2;Professionals;2432;Public relations professionals;9857;7254;17111
2;Professionals;2353;Other language teachers;2236;1617;3853
1;Managers;1342;Health services managers;1560;1060;2620
3;Technicians and associate professionals;3331;Clearing and forwarding agents;18728;12665;31393
3;Technicians and associate professionals;3254;Dispensing opticians;3867;2604;6471
3;Technicians and associate professionals;3114;Electronics engineering technicians;8978;5981;14959
1;Managers;1213;Policy and planning managers;1847;1230;3077
2;Professionals;2643;Translators, interpreters and other linguists;2728;1757;4485
1;Managers;1431;Sports, recreation and cultural centre managers;1040;668;1708
2;Professionals;2145;Chemical engineers;4949;3174;8123
2;Professionals;2519;Software and applications developers and analysts not elsewhere classified;2874;1819;4693
3;Technicians and associate professionals;3322;Commercial sales representatives;63190;38123;101313
3;Technicians and associate professionals;3311;Securities and finance dealers and brokers;2441;1469;3910
2;Professionals;2521;Database designers and administrators;1873;1120;2993
2;Professionals;2512;Software developers;90458;53474;143932
1;Managers;1321;Manufacturing managers;15685;9252;24937
2;Professionals;2513;Web and multimedia developers;13758;8074;21832
3;Technicians and associate professionals;3321;Insurance representatives;4671;2720;7391
1;Managers;1324;Supply, distribution and related managers;8228;4743;12971
3;Technicians and associate professionals;3514;Web technicians;4533;2599;7132
1;Managers;1330;Information and communications technology service managers;9460;5297;14757
3;Technicians and associate professionals;3155;Air traffic safety electronics technicians;4264;1915;6179
2;Professionals;2120;Mathematicians, actuaries and statisticians;1614;717;2331
2;Professionals;2359;Teaching professionals not elsewhere classified;17091;7540;24631
2;Professionals;2653;Dancers and choreographers;1127;492;1619
2;Professionals;2310;University and higher education teachers;954;415;1369
3;Technicians and associate professionals;3324;Trade brokers;6530;2342;8872
4;Clerical support workers;4213;Pawnbrokers and money-lenders;1540;64;1604
